{
    "RPT": {
        "ScanTime": "0.033 sec.",
        "ScanFile": "20211004_chaletbaumatti_5f1caebb3249ef4a3531_20211004125449_scan.json",
        "ScanCreated": "2021-10-04 12:54:51",
        "ScanPath": "\/var\/www\/sites\/c\/chaletbau-wp.bsgdigital.com\/wp-content\/backups-dup-pro\/tmp\/20211004_chaletbaumatti_5f1caebb3249ef4a3531_20211004125449_scan.json"
    },
    "SRV": {
        "Brand": {
            "LogoAttachmentExists": false,
            "LogoCount": 0,
            "LogoFinded": 0,
            "LogoImageExists": true,
            "LogoImages": [],
            "Name": "Default",
            "Notes": "The default content used when a brand is not defined"
        },
        "HOST": [],
        "PHP": {
            "websrv": true,
            "openbase": true,
            "maxtime": true,
            "openssl": true,
            "mysqli": true,
            "allowurlfopen": true,
            "curlavailable": true,
            "version": true,
            "ALL": "Good"
        },
        "WP": {
            "version": true,
            "core": true,
            "ismu": false,
            "ismuplus": false,
            "ALL": "Good"
        }
    },
    "ARC": {
        "Size": "0B",
        "DirCount": "0",
        "FileCount": "0",
        "FullCount": "0",
        "USize": 0,
        "UDirCount": 0,
        "UFileCount": 0,
        "UFullCount": 0,
        "WarnFileCount": 0,
        "WarnDirCount": 0,
        "UnreadableDirCount": 0,
        "UnreadableFileCount": 0,
        "FilterDirsAll": [
            "\/var\/www\/sites\/c\/chaletbau-wp.bsgdigital.com\/.opcache",
            "\/var\/www\/sites\/c\/chaletbau-wp.bsgdigital.com\/.tmb",
            "\/var\/www\/sites\/c\/chaletbau-wp.bsgdigital.com\/wp-content\/ai1wm-backups",
            "\/var\/www\/sites\/c\/chaletbau-wp.bsgdigital.com\/wp-content\/backups-dup-lite",
            "\/var\/www\/sites\/c\/chaletbau-wp.bsgdigital.com\/wp-content\/backups-dup-pro",
            "\/var\/www\/sites\/c\/chaletbau-wp.bsgdigital.com\/wp-content\/backups-dup-pro",
            "\/var\/www\/sites\/c\/chaletbau-wp.bsgdigital.com\/wp-content\/backupwordpress",
            "\/var\/www\/sites\/c\/chaletbau-wp.bsgdigital.com\/wp-content\/bps-backup",
            "\/var\/www\/sites\/c\/chaletbau-wp.bsgdigital.com\/wp-content\/cache",
            "\/var\/www\/sites\/c\/chaletbau-wp.bsgdigital.com\/wp-content\/content\/cache",
            "\/var\/www\/sites\/c\/chaletbau-wp.bsgdigital.com\/wp-content\/contents\/cache",
            "\/var\/www\/sites\/c\/chaletbau-wp.bsgdigital.com\/wp-content\/infinitewp\/backups",
            "\/var\/www\/sites\/c\/chaletbau-wp.bsgdigital.com\/wp-content\/managewp\/backups",
            "\/var\/www\/sites\/c\/chaletbau-wp.bsgdigital.com\/wp-content\/old-cache",
            "\/var\/www\/sites\/c\/chaletbau-wp.bsgdigital.com\/wp-content\/plugins\/all-in-one-wp-migration\/storage",
            "\/var\/www\/sites\/c\/chaletbau-wp.bsgdigital.com\/wp-content\/plugins\/really-simple-captcha\/tmp",
            "\/var\/www\/sites\/c\/chaletbau-wp.bsgdigital.com\/wp-content\/plugins\/wordfence\/tmp",
            "\/var\/www\/sites\/c\/chaletbau-wp.bsgdigital.com\/wp-content\/updraft",
            "\/var\/www\/sites\/c\/chaletbau-wp.bsgdigital.com\/wp-content\/uploads\/aiowps_backups",
            "\/var\/www\/sites\/c\/chaletbau-wp.bsgdigital.com\/wp-content\/uploads\/backup-guard",
            "\/var\/www\/sites\/c\/chaletbau-wp.bsgdigital.com\/wp-content\/uploads\/backupbuddy_backups",
            "\/var\/www\/sites\/c\/chaletbau-wp.bsgdigital.com\/wp-content\/uploads\/backupbuddy_temp",
            "\/var\/www\/sites\/c\/chaletbau-wp.bsgdigital.com\/wp-content\/uploads\/ithemes-security\/backups",
            "\/var\/www\/sites\/c\/chaletbau-wp.bsgdigital.com\/wp-content\/uploads\/mainwp\/backup",
            "\/var\/www\/sites\/c\/chaletbau-wp.bsgdigital.com\/wp-content\/uploads\/pb_backupbuddy",
            "\/var\/www\/sites\/c\/chaletbau-wp.bsgdigital.com\/wp-content\/uploads\/snapshots",
            "\/var\/www\/sites\/c\/chaletbau-wp.bsgdigital.com\/wp-content\/uploads\/sucuri",
            "\/var\/www\/sites\/c\/chaletbau-wp.bsgdigital.com\/wp-content\/uploads\/wp-clone",
            "\/var\/www\/sites\/c\/chaletbau-wp.bsgdigital.com\/wp-content\/uploads\/wp_all_backup",
            "\/var\/www\/sites\/c\/chaletbau-wp.bsgdigital.com\/wp-content\/uploads\/wpbackitup_backups",
            "\/var\/www\/sites\/c\/chaletbau-wp.bsgdigital.com\/wp-content\/wfcache",
            "\/var\/www\/sites\/c\/chaletbau-wp.bsgdigital.com\/wp-content\/wishlist-backup",
            "\/var\/www\/sites\/c\/chaletbau-wp.bsgdigital.com\/wp-snapshots",
            "\/var\/www\/sites\/chaletbau-wp.bsgdigital.com\/wp-content\/themes\/matti\/node_modules"
        ],
        "FilterFilesAll": [
            ".DS_Store",
            "\/var\/www\/sites\/c\/chaletbau-wp.bsgdigital.com\/.htaccess",
            "\/var\/www\/sites\/c\/chaletbau-wp.bsgdigital.com\/.user.ini",
            "\/var\/www\/sites\/c\/chaletbau-wp.bsgdigital.com\/php.ini",
            "\/var\/www\/sites\/c\/chaletbau-wp.bsgdigital.com\/web.config",
            "\/var\/www\/sites\/c\/chaletbau-wp.bsgdigital.com\/wp-config.php",
            "dbcache",
            "debug_log",
            "error_log",
            "objectcache",
            "pgcache",
            "ws_ftp.log"
        ],
        "FilterExtsAll": [],
        "Status": {
            "Size": "Good",
            "Names": "Good",
            "Big": "Good",
            "AddonSites": "Good",
            "UnreadableItems": "Good",
            "MigratePackage": "Good",
            "CanbeMigratePackage": true,
            "showCreateFuncStatus": "Good",
            "showCreateFunc": true
        },
        "RecursiveLinks": [],
        "UnreadableItems": []
    },
    "DB": {
        "Status": {
            "Success": true,
            "Size": "Good",
            "Rows": "Good"
        },
        "Size": "35.3MB",
        "Rows": "59,568",
        "TableCount": 67,
        "TableList": {
            "wp_commentmeta": {
                "Case": 0,
                "Rows": "0",
                "Size": "48KB",
                "USize": 49152
            },
            "wp_comments": {
                "Case": 0,
                "Rows": "0",
                "Size": "96KB",
                "USize": 98304
            },
            "wp_db7_forms": {
                "Case": 0,
                "Rows": "29",
                "Size": "16KB",
                "USize": 16384
            },
            "wp_duplicator_pro_entities": {
                "Case": 0,
                "Rows": "5",
                "Size": "32KB",
                "USize": 32768
            },
            "wp_duplicator_pro_packages": {
                "Case": 0,
                "Rows": "8",
                "Size": "6.03MB",
                "USize": 6324224
            },
            "wp_icl_content_status": {
                "Case": 0,
                "Rows": "0",
                "Size": "32KB",
                "USize": 32768
            },
            "wp_icl_core_status": {
                "Case": 0,
                "Rows": "0",
                "Size": "32KB",
                "USize": 32768
            },
            "wp_icl_flags": {
                "Case": 0,
                "Rows": "65",
                "Size": "32KB",
                "USize": 32768
            },
            "wp_icl_languages": {
                "Case": 0,
                "Rows": "65",
                "Size": "48KB",
                "USize": 49152
            },
            "wp_icl_languages_translations": {
                "Case": 0,
                "Rows": "4,225",
                "Size": "384KB",
                "USize": 393216
            },
            "wp_icl_locale_map": {
                "Case": 0,
                "Rows": "3",
                "Size": "16KB",
                "USize": 16384
            },
            "wp_icl_message_status": {
                "Case": 0,
                "Rows": "0",
                "Size": "48KB",
                "USize": 49152
            },
            "wp_icl_mo_files_domains": {
                "Case": 0,
                "Rows": "196",
                "Size": "80KB",
                "USize": 81920
            },
            "wp_icl_node": {
                "Case": 0,
                "Rows": "0",
                "Size": "16KB",
                "USize": 16384
            },
            "wp_icl_reminders": {
                "Case": 0,
                "Rows": "0",
                "Size": "16KB",
                "USize": 16384
            },
            "wp_icl_string_batches": {
                "Case": 0,
                "Rows": "0",
                "Size": "16KB",
                "USize": 16384
            },
            "wp_icl_string_packages": {
                "Case": 0,
                "Rows": "0",
                "Size": "16KB",
                "USize": 16384
            },
            "wp_icl_string_pages": {
                "Case": 0,
                "Rows": "0",
                "Size": "48KB",
                "USize": 49152
            },
            "wp_icl_string_positions": {
                "Case": 0,
                "Rows": "0",
                "Size": "32KB",
                "USize": 32768
            },
            "wp_icl_string_status": {
                "Case": 0,
                "Rows": "0",
                "Size": "32KB",
                "USize": 32768
            },
            "wp_icl_string_translations": {
                "Case": 0,
                "Rows": "6",
                "Size": "48KB",
                "USize": 49152
            },
            "wp_icl_string_urls": {
                "Case": 0,
                "Rows": "0",
                "Size": "32KB",
                "USize": 32768
            },
            "wp_icl_strings": {
                "Case": 0,
                "Rows": "29",
                "Size": "112KB",
                "USize": 114688
            },
            "wp_icl_translate": {
                "Case": 0,
                "Rows": "5,911",
                "Size": "1.64MB",
                "USize": 1720320
            },
            "wp_icl_translate_job": {
                "Case": 0,
                "Rows": "50",
                "Size": "32KB",
                "USize": 32768
            },
            "wp_icl_translation_batches": {
                "Case": 0,
                "Rows": "7",
                "Size": "16KB",
                "USize": 16384
            },
            "wp_icl_translation_downloads": {
                "Case": 0,
                "Rows": "0",
                "Size": "16KB",
                "USize": 16384
            },
            "wp_icl_translation_status": {
                "Case": 0,
                "Rows": "2,711",
                "Size": "1.22MB",
                "USize": 1277952
            },
            "wp_icl_translations": {
                "Case": 0,
                "Rows": "1,002",
                "Size": "352KB",
                "USize": 360448
            },
            "wp_links": {
                "Case": 0,
                "Rows": "0",
                "Size": "32KB",
                "USize": 32768
            },
            "wp_options": {
                "Case": 0,
                "Rows": "3,083",
                "Size": "2.33MB",
                "USize": 2441216
            },
            "wp_postmeta": {
                "Case": 0,
                "Rows": "10,196",
                "Size": "10.72MB",
                "USize": 11239424
            },
            "wp_posts": {
                "Case": 0,
                "Rows": "1,396",
                "Size": "1.84MB",
                "USize": 1933312
            },
            "wp_rio_process_queue": {
                "Case": 0,
                "Rows": "571",
                "Size": "320KB",
                "USize": 327680
            },
            "wp_term_relationships": {
                "Case": 0,
                "Rows": "83",
                "Size": "32KB",
                "USize": 32768
            },
            "wp_term_taxonomy": {
                "Case": 0,
                "Rows": "12",
                "Size": "48KB",
                "USize": 49152
            },
            "wp_termmeta": {
                "Case": 0,
                "Rows": "0",
                "Size": "48KB",
                "USize": 49152
            },
            "wp_terms": {
                "Case": 0,
                "Rows": "12",
                "Size": "48KB",
                "USize": 49152
            },
            "wp_usermeta": {
                "Case": 0,
                "Rows": "96",
                "Size": "64KB",
                "USize": 65536
            },
            "wp_users": {
                "Case": 0,
                "Rows": "2",
                "Size": "64KB",
                "USize": 65536
            },
            "wp_wfblockediplog": {
                "Case": 0,
                "Rows": "1",
                "Size": "16KB",
                "USize": 16384
            },
            "wp_wfblocks7": {
                "Case": 0,
                "Rows": "0",
                "Size": "64KB",
                "USize": 65536
            },
            "wp_wfconfig": {
                "Case": 0,
                "Rows": "3,514",
                "Size": "1.44MB",
                "USize": 1507328
            },
            "wp_wfcrawlers": {
                "Case": 0,
                "Rows": "6",
                "Size": "16KB",
                "USize": 16384
            },
            "wp_wffilechanges": {
                "Case": 0,
                "Rows": "0",
                "Size": "16KB",
                "USize": 16384
            },
            "wp_wffilemods": {
                "Case": 0,
                "Rows": "11,204",
                "Size": "4.52MB",
                "USize": 4734976
            },
            "wp_wfhits": {
                "Case": 0,
                "Rows": "42",
                "Size": "96KB",
                "USize": 98304
            },
            "wp_wfhoover": {
                "Case": 0,
                "Rows": "0",
                "Size": "32KB",
                "USize": 32768
            },
            "wp_wfissues": {
                "Case": 0,
                "Rows": "0",
                "Size": "80KB",
                "USize": 81920
            },
            "wp_wfknownfilelist": {
                "Case": 0,
                "Rows": "11,652",
                "Size": "1.52MB",
                "USize": 1589248
            },
            "wp_wflivetraffichuman": {
                "Case": 0,
                "Rows": "0",
                "Size": "32KB",
                "USize": 32768
            },
            "wp_wflocs": {
                "Case": 0,
                "Rows": "17",
                "Size": "16KB",
                "USize": 16384
            },
            "wp_wflogins": {
                "Case": 0,
                "Rows": "54",
                "Size": "48KB",
                "USize": 49152
            },
            "wp_wfls_2fa_secrets": {
                "Case": 0,
                "Rows": "0",
                "Size": "32KB",
                "USize": 32768
            },
            "wp_wfls_settings": {
                "Case": 0,
                "Rows": "19",
                "Size": "16KB",
                "USize": 16384
            },
            "wp_wfnotifications": {
                "Case": 0,
                "Rows": "1",
                "Size": "16KB",
                "USize": 16384
            },
            "wp_wfpendingissues": {
                "Case": 0,
                "Rows": "0",
                "Size": "80KB",
                "USize": 81920
            },
            "wp_wfreversecache": {
                "Case": 0,
                "Rows": "4",
                "Size": "16KB",
                "USize": 16384
            },
            "wp_wfsnipcache": {
                "Case": 0,
                "Rows": "0",
                "Size": "64KB",
                "USize": 65536
            },
            "wp_wfstatus": {
                "Case": 0,
                "Rows": "1,225",
                "Size": "288KB",
                "USize": 294912
            },
            "wp_wftrafficrates": {
                "Case": 0,
                "Rows": "0",
                "Size": "16KB",
                "USize": 16384
            },
            "wp_yoast_indexable": {
                "Case": 0,
                "Rows": "811",
                "Size": "528KB",
                "USize": 540672
            },
            "wp_yoast_indexable_hierarchy": {
                "Case": 0,
                "Rows": "1,223",
                "Size": "224KB",
                "USize": 229376
            },
            "wp_yoast_migrations": {
                "Case": 0,
                "Rows": "21",
                "Size": "32KB",
                "USize": 32768
            },
            "wp_yoast_primary_term": {
                "Case": 0,
                "Rows": "0",
                "Size": "48KB",
                "USize": 49152
            },
            "wp_yoast_seo_links": {
                "Case": 0,
                "Rows": "9",
                "Size": "48KB",
                "USize": 49152
            },
            "wp_yoast_seo_meta": {
                "Case": 0,
                "Rows": "2",
                "Size": "16KB",
                "USize": 16384
            }
        }
    },
    "Status": 1
}